<?xml version="1.0" encoding="UTF-8"?>
<root>
  <item name="com.github.zagum.expandicon.ExpandIconView int getFinalStateByFraction()">
    <annotation name="android.support.annotation.IntDef">
      <val name="value" val="{com.github.zagum.expandicon.ExpandIconView.MORE, com.github.zagum.expandicon.ExpandIconView.LESS, com.github.zagum.expandicon.ExpandIconView.INTERMEDIATE}" />
    </annotation>
  </item>
  <item name="com.github.zagum.expandicon.ExpandIconView state">
    <annotation name="android.support.annotation.IntDef">
      <val name="value" val="{com.github.zagum.expandicon.ExpandIconView.MORE, com.github.zagum.expandicon.ExpandIconView.LESS, com.github.zagum.expandicon.ExpandIconView.INTERMEDIATE}" />
    </annotation>
  </item>
  <item name="com.github.zagum.expandicon.ExpandIconView void setState(int, boolean) 0">
    <annotation name="android.support.annotation.IntDef">
      <val name="value" val="{com.github.zagum.expandicon.ExpandIconView.MORE, com.github.zagum.expandicon.ExpandIconView.LESS, com.github.zagum.expandicon.ExpandIconView.INTERMEDIATE}" />
    </annotation>
  </item>
  <item name="com.github.zagum.expandicon.ExpandIconView.State">
    <annotation name="android.support.annotation.IntDef">
      <val name="value" val="{com.github.zagum.expandicon.ExpandIconView.MORE, com.github.zagum.expandicon.ExpandIconView.LESS, com.github.zagum.expandicon.ExpandIconView.INTERMEDIATE}" />
    </annotation>
  </item>
</root>

